Source,Destination,Demand
20,61,217.87868352
23,68,118.412328
25,30,236.824656
63,40,326.81802528
14,11,260.5071216
14,15,33.15545184
13,64,374.18295648
21,30,468.91281888
13,16,350.50049088
38,47,99.46635552
33,40,47.3649312
19,1,269.98010784
4,18,146.83128672
5,56,213.1421904
30,50,89.99336928
